"","Canonical","NonCanonical","Atypical"
"1","KCNIP2","KCNIP2",NA
"2","MLIP","MLIP",NA
"3","SLC5A10","VSTM5",NA
"4","BMP8A","CMAHP",NA
"5","OR8B4","MYOZ1",NA
"6","PCDHA1","VGLL2",NA
"7","NLRP4","OR8B4",NA
"8","CMAHP","TTBK1",NA
"9","TEKTL1","BMP8A",NA
"10","FLJ33534","TEKTL1",NA
"11","MYOZ1","LOC339059",NA
"12","VGLL2","PCDHA1",NA
"13","XAGE2","ARMS2",NA
"14","WNT10B","CYP4A22",NA
"15","TLCD3B","AMELX",NA
"16","PAK3","PRR29",NA
"17","GRIN2B","LHX3",NA
"18","TSPOAP1","WNT10B",NA
"19","ZFP57","SPANXN4",NA
"20","CRX","NLRP4",NA
"21","FAM186A","XAGE2",NA
"22","LCE1F","LINC00313",NA
"23","PRR29","GRIN2B",NA
"24","NXNL2","PAK3",NA
"25","PFN4","ALX4",NA
"26","HRNR","PKNOX2",NA
"27","FGF6","LCE1D",NA
"28","LOC339059","CLEC17A",NA
"29","OR8H2","OR10K1",NA
"30","SPANXN4","TTLL6",NA
"31","ANKRD2","NXNL2",NA
"32","LHX3","FAM186A",NA
"33","SPEG","GNRH2",NA
"34","COL14A1","AVPR1A",NA
"35","C7","MEGF11",NA
"36","MATN1","TYR",NA
"37","FBP2","DCSTAMP",NA
"38","OR51G2","OR52B6",NA
"39","RGS6","MYO3A",NA
"40","GPSM1","SPEG",NA
"41","OSBP2","CAMKV",NA
"42","ZNF575","TMEM130",NA
"43","DCSTAMP","NHLH1",NA
"44","SPMAP1","HTR3D",NA
"45","C12orf42","TPSD1",NA
"46","FYB2","CIMAP1D",NA
"47","VSTM5","FBP2",NA
"48","TPSD1","GAS2L2",NA
"49","VSX1","NXPH4",NA
"50","PTPRS","ATP1A2",NA
"51","WNT9B","MYO16",NA
"52","PRODH2","PGM5",NA
"53","INCA1","TCHHL1",NA
"54","GYPA","SPAM1",NA
"55","ZSCAN23","TGM5",NA
"56","CLEC17A","GRXCR2",NA
"57","CYP4A22","FYB2",NA
"58","CSH1","SEC1P",NA
"59","DBNDD1","OR2M7",NA
"60","LINC00313","SLC25A34",NA
"61","PKNOX2","CASR",NA
"62","ALX4","FEV",NA
"63","CCDC177","KCNE2",NA
"64","TCHHL1","SHISA2",NA
"65","ADGRE2","ZNF99",NA
"66","OR52B6","GPR179",NA
"67","GNRH2","PSORS1C1",NA
"68","HELT","IGLC1",NA
"69","VCX2","TEKT1",NA
"70","PYDC2","B3GAT1",NA
"71","NUTM1","CHRDL2",NA
"72","PATE1","PCDHA4",NA
"73","TTBK1","GPR151",NA
"74","ACSM5","REG1CP",NA
"75","CYP4F22","SULT6B1",NA
"76","SPRR4","ATG9B",NA
"77","SEC1P","A4GNT",NA
"78","IQCN","ARHGAP44",NA
"79","GP9","DLX4",NA
"80","TEKT1","SMYD1",NA
"81","OR4A15","CRIP3",NA
"82","TMEM130","KRIT1",NA
"83","ERICH3","CYP4F22",NA
"84","TRIM48","LCE2B",NA
"85","AQP7","GALP",NA
"86","OR51B2","OPRPN",NA
"87","GAS2L2","PCSK2",NA
"88","SEC14L3","STPG2",NA
"89","ARMS2","DNAAF1",NA
"90","IQSEC2","LOXHD1",NA
"91","PSG9","CACNA1A",NA
"92","LCE1D","POU6F2",NA
"93","CRMA","CA6",NA
"94","PEX5L","LINC00268",NA
"95","ELN","LRRC10B",NA
"96","NTNG1","TRIM48",NA
"97","HES7","GDF3",NA
"98","SPATA31H1","NRAP",NA
"99","SLC26A8","RSPH6A",NA
"100","LRTM1","CYP4F12",NA
"101","FCER2","KLHL10",NA
"102","HEPN1","SLC22A12",NA
"103","CCDC13","KISS1R",NA
"104","TRIM46","GBX2",NA
"105","MYO16","TDRG1",NA
"106","ZNF99","OR51I1",NA
"107","SLC38A3","SH3GL2",NA
"108","FCRL6","ASGR1",NA
"109","PALM","IRX5",NA
"110","SHCBP1L","NPPA",NA
"111","GPR179","IL2RG",NA
"112","SPAM1","DHRS7C",NA
"113","WNT8B","PRKN",NA
"114","ASCL3","LEFTY2",NA
"115","TYR","STEAP1",NA
"116","AMELX","SPINK13",NA
"117","GRXCR2","OR1A1",NA
"118","LOXHD1","PRRX2",NA
"119","GPR149","OR52A5",NA
"120","OR10V1","CDHR5",NA
"121","CDRT15","CDH16",NA
"122","TOMM20","HABP2",NA
"123","MIOX","C16orf89",NA
"124","CCDC27","CD22",NA
"125","LINC00268","NKD1",NA
"126","OR5AK2","HOXD10",NA
"127","FUT5","SLITRK3",NA
"128","B3GAT1","COCH",NA
"129","CRHR1","GPR12",NA
"130","CAMKV","CKM",NA
"131","LY6G6C","HRH3",NA
"132","SLA2","PAPPA2",NA
"133","GPR26","MYT1",NA
"134","REG1CP","CA7",NA
"135","OR10K1","ANLN",NA
"136","OR8K1","HEPHL1",NA
"137","PGM5","SFTPB",NA
"138","BTBD17","ACAP1",NA
"139","SPANXN2","PRDM9",NA
"140","NKAIN2","PCNX2",NA
"141","TTLL6","DDIT4",NA
"142","APC2","MATCAP2",NA
"143","SEZ6L","CLRN1",NA
"144","YWHAEP7","TMEM253",NA
"145","LINC00598","BRINP1",NA
"146","MAJIN","NELL2",NA
"147","SULT6B1","GREM1",NA
"148","NOTCH1","MLXIPL",NA
"149","OR2A25","PLP1",NA
"150","ADGRG4","NAT8",NA
"151","RTL9","TP53INP2",NA
"152","OR10A7","ANXA13",NA
"153","CACNG8","PADI2",NA
"154","FRMPD1","VSTM2L",NA
"155","GLP1R","PDZK1",NA
"156","NINL","CNTFR",NA
"157","IL21","BMAL2",NA
"158","NTSR2","TNS4",NA
"159","OR1Q1","HOXB9",NA
"160","IGFBPL1","CFAP144",NA
"161","GPR151","CYP4F11",NA
"162","RNF112","MALL",NA
"163","MEGF11","SALL4",NA
"164","OR6X1","COL2A1",NA
"165","CMPK1","DMRTA2",NA
"166","KIF9","SELENBP1",NA
"167","CUBN","CHP2",NA
"168","TGM5","MYADML2",NA
"169","OR4K1","B3GNT6",NA
"170","FEV","EGFL6",NA
"171","HTR3D","SEMA6D",NA
"172","MC1R","ESM1",NA
"173","ODAPH","IL1B",NA
"174","PLIN4","SCNN1G",NA
"175","CIMAP1D","NHERF4",NA
"176","ADAMTS16","SERPIND1",NA
"177","CSMD2","EPHB1",NA
"178","GALP","ETV4",NA
"179","ATXN7L2","MMP7",NA
"180","NHLH1","PTP4A3",NA
"181","KCNJ4","ALDH1L1",NA
"182","PCDHA4","CNTN3",NA
"183","IFNA21","OCA2",NA
"184","KRT38","BTNL8",NA
"185","MTNR1B","SPP1",NA
"186","NANOG","SLC51B",NA
"187","CRYGC","SLC15A1",NA
"188","KRT79","GPR15LG",NA
"189","HPSE2","TRPM6",NA
"190","DCAF12L1","ASCL2",NA
"191","GAB4","CXCL3",NA
"192","C5orf52","SSTR1",NA
"193","CACNA1C","POSTN",NA
"194","PIANP","HOXA9",NA
"195","AWAT1","OLFM4",NA
"196","HIC1","C11orf86",NA
"197","CYP2B6","UGT2B15",NA
"198","ADAMTS15","SEMA6A",NA
"199","GRID1","EDN3",NA
"200","OR2M7","HOXA13",NA
"201","SPEM1","HOXB8",NA
"202","SAMD15","SLC26A3",NA
"203","CACNG7","AGR3",NA
"204","OR2AG1","MSX1",NA
"205","CDH8","TESC",NA
"206","NFIC","CXCL6",NA
"207","PRSS55","NEUROD1",NA
"208","PCDHAC1",NA,NA
"209","SCAMP5",NA,NA
"210","OR8J1",NA,NA
"211","DNAJB13",NA,NA
"212","NXPH4",NA,NA
"213","CASR",NA,NA
"214","INHBC",NA,NA
"215","CYP4V2",NA,NA
"216","OPRPN",NA,NA
"217","LRRC4C",NA,NA
"218","PRSS41",NA,NA
"219","WDR97",NA,NA
"220","TMEM266",NA,NA
"221","PIK3CD",NA,NA
"222","SMYD1",NA,NA
"223","OTOP1",NA,NA
"224","PERM1",NA,NA
"225","HAPLN2",NA,NA
"226","ABCG4",NA,NA
"227","SCRT2",NA,NA
"228","RHBG",NA,NA
"229","GARIN2",NA,NA
"230","KPNA7",NA,NA
"231","SLC45A2",NA,NA
"232","PIK3R5",NA,NA
"233","KRT83",NA,NA
"234","TEAD2",NA,NA
"235","PATE2",NA,NA
"236","OR1N1",NA,NA
"237","SCN10A",NA,NA
"238","ARHGAP44",NA,NA
"239","NELL1",NA,NA
"240","GABBR2",NA,NA
"241","AVPR1A",NA,NA
"242","CADM4",NA,NA
"243","LINC02145",NA,NA
"244","NANOGNB",NA,NA
"245","OR52B4",NA,NA
"246","CDH6",NA,NA
"247","OR2D2",NA,NA
"248","SHISA2",NA,NA
"249","SPACA4",NA,NA
"250","F8",NA,NA
"251","GPR61",NA,NA
"252","FRRS1L",NA,NA
"253","NPAS4",NA,NA
"254","TMEM72",NA,NA
"255","FLACC1",NA,NA
"256","OR13H1",NA,NA
"257","LCLAT1",NA,NA
"258","KLHL10",NA,NA
"259","GJD4",NA,NA
"260","MYOZ2",NA,NA
"261","NMUR1",NA,NA
"262","CACNA1A",NA,NA
"263","KLRG2",NA,NA
"264","HPCA",NA,NA
"265","MICOS10",NA,NA
"266","CLXN",NA,NA
"267","FAM215A",NA,NA
"268","FGF4",NA,NA
"269","LINC01193",NA,NA
"270","KCNE2",NA,NA
"271","LGALS14",NA,NA
"272","RBFOX3",NA,NA
"273","TBX20",NA,NA
"274","SPATA16",NA,NA
"275","ASPDH",NA,NA
"276","STPG2",NA,NA
"277","PSD",NA,NA
"278","OR5M8",NA,NA
"279","KIF2B",NA,NA
"280","LRTM2",NA,NA
"281","TNFRSF8",NA,NA
"282","ZIC3",NA,NA
"283","PTX4",NA,NA
"284","NALCN",NA,NA
"285","H2AC21",NA,NA
"286","LINC00308",NA,NA
"287","ALOX15",NA,NA
"288","OMG",NA,NA
"289","OR4S2",NA,NA
"290","CRIP3",NA,NA
"291","XKRX",NA,NA
"292","MYO18B",NA,NA
"293","H2BC11",NA,NA
"294","CNGB3",NA,NA
"295","YBX2",NA,NA
"296","PDCD1LG2",NA,NA
"297","TAS2R39",NA,NA
"298","ONECUT1",NA,NA
"299","SLC25A34",NA,NA
"300","NSG2",NA,NA
"301","SEC62",NA,NA
"302","IGFN1",NA,NA
"303","CLCNKB",NA,NA
"304","CLEC1A",NA,NA
"305","SLC17A8",NA,NA
"306","POLN",NA,NA
"307","ULBP3",NA,NA
"308","C10orf55",NA,NA
"309","MPP2",NA,NA
"310","AGL",NA,NA
"311","CFAP126",NA,NA
"312","LEFTY2",NA,NA
"313","EPG5",NA,NA
"314","FAAP24",NA,NA
"315","OR7A10",NA,NA
"316","AMHR2",NA,NA
"317","NPPA",NA,NA
"318","IL3",NA,NA
"319","GPR12",NA,NA
"320","NTN3",NA,NA
"321","GLYATL1",NA,NA
"322","ACRV1",NA,NA
"323","TAS2R9",NA,NA
"324","THSD7B",NA,NA
"325","EN1",NA,NA
"326","VSTM1",NA,NA
"327","TRIM50",NA,NA
"328","JKAMP",NA,NA
"329","DNAAF1",NA,NA
"330","ADM5",NA,NA
"331","A4GNT",NA,NA
"332","MGAT5B",NA,NA
"333","KCNJ6",NA,NA
"334","CATSPER1",NA,NA
"335","SPATA19",NA,NA
"336","PSORS1C1",NA,NA
"337","CCDC116",NA,NA
"338","GPX6",NA,NA
"339","PPFIA2",NA,NA
"340","ACSM1",NA,NA
"341","FOSB",NA,NA
"342","STH",NA,NA
"343","CUX2",NA,NA
"344","IGLC1",NA,NA
"345","LINGO1",NA,NA
"346","OR4L1",NA,NA
"347","SPMIP3",NA,NA
"348","FAM170A",NA,NA
"349","OR1L1",NA,NA
"350","SH2D5",NA,NA
"351","KCNJ15",NA,NA
"352","SPINK13",NA,NA
"353","BPIFA2",NA,NA
"354","DLX4",NA,NA
"355","RPH3A",NA,NA
"356","IQCF1",NA,NA
"357","CIMAP1C",NA,NA
"358","CNR1",NA,NA
"359","CA6",NA,NA
"360","OSTN",NA,NA
"361","RSPH6A",NA,NA
"362","NFE4",NA,NA
"363","SLC10A4",NA,NA
"364","ST8SIA5",NA,NA
"365","VWA5B1",NA,NA
"366","SPPL2C",NA,NA
"367","CFAP95",NA,NA
"368","KISS1R",NA,NA
"369","ADRA1A",NA,NA
"370","OR4X2",NA,NA
"371","SLC17A6",NA,NA
"372","PCDHGA7",NA,NA
"373","ELSPBP1",NA,NA
"374","TEX44",NA,NA
"375","EXOC3L2",NA,NA
"376","SYT9",NA,NA
"377","ETV7",NA,NA
"378","HMCN2",NA,NA
"379","KRT25",NA,NA
"380","OR8D1",NA,NA
"381","BSN",NA,NA
"382","BSX",NA,NA
"383","PNMA3",NA,NA
"384","GLT1D1",NA,NA
"385","DOC2A",NA,NA
"386","NHSL2",NA,NA
"387","LCE3A",NA,NA
"388","ATP11AUN",NA,NA
"389","UGT3A2",NA,NA
"390","ENPP7",NA,NA
"391","TMEM132E",NA,NA
"392","ZNF630",NA,NA
"393","SPOCD1",NA,NA
"394","SFMBT2",NA,NA
"395","POU6F2",NA,NA
"396","PRR19",NA,NA
"397","NPHS2",NA,NA
"398","SYN1",NA,NA
"399","NRAP",NA,NA
"400","FUT1",NA,NA
"401","OR2AT4",NA,NA
"402","PFKFB1",NA,NA
"403","GALNT16",NA,NA
"404","SLC45A1",NA,NA
"405","MMP24",NA,NA
"406","LCE2B",NA,NA
"407","ZSWIM2",NA,NA
"408","FRMPD2",NA,NA
"409","NME9",NA,NA
"410","VSTM4",NA,NA
"411","ARL6IP1",NA,NA
"412","GDPD4",NA,NA
"413","RGSL1",NA,NA
"414","ADCY5",NA,NA
"415","CKM",NA,NA
"416","ZSCAN5B",NA,NA
"417","CAPN11",NA,NA
"418","PRKN",NA,NA
"419","CDH23",NA,NA
"420","CACNG1",NA,NA
"421","CHRNB4",NA,NA
"422","MTMR7",NA,NA
"423","LINC02880",NA,NA
"424","LINC03006",NA,NA
"425","ESYT3",NA,NA
"426","OR52A4P",NA,NA
"427","INSRR",NA,NA
"428","CFAP77",NA,NA
"429","OR10Z1",NA,NA
"430","MYO3A",NA,NA
"431","IRF5",NA,NA
"432","SYT6",NA,NA
"433","ATG9B",NA,NA
"434","OR2V2",NA,NA
"435","ELAVL4",NA,NA
"436","DPPA3",NA,NA
"437","FAM218A",NA,NA
"438","DLX2",NA,NA
"439","SH3GL2",NA,NA
"440","POU2F3",NA,NA
"441","FNDC5",NA,NA
"442","CCDC40",NA,NA
"443","SEZ6L2",NA,NA
"444","SLC22A6",NA,NA
"445","GARIN1B",NA,NA
"446","HOXC13",NA,NA
"447","CNIH3",NA,NA
"448","ADAM29",NA,NA
"449","PCDHGB2",NA,NA
"450","SHISA4",NA,NA
"451","PYY2",NA,NA
"452","HSPA8",NA,NA
"453","FAM163A",NA,NA
"454","HYDIN",NA,NA
"455","GBX2",NA,NA
"456","LPAR4",NA,NA
"457","TAS1R2",NA,NA
"458","LOC643406",NA,NA
"459","ASB18",NA,NA
"460","MAGEC3",NA,NA
"461","PLEKHH2",NA,NA
"462","NECAB2",NA,NA
"463","IRX5",NA,NA
"464","CIDEB",NA,NA
"465","SSTR2",NA,NA
"466","SLC39A6",NA,NA
"467","SGCA",NA,NA
"468","PCDHB9",NA,NA
"469","TEX55",NA,NA
"470","ETV3L",NA,NA
"471","PPP1R2C",NA,NA
"472","PGK2",NA,NA
"473","CRLF1",NA,NA
"474","OLIG1",NA,NA
"475","C1QL1",NA,NA
"476","ABCG8",NA,NA
"477","ARRDC5",NA,NA
"478","POLR2M",NA,NA
"479","PDGFB",NA,NA
"480","HAS1",NA,NA
"481","CEACAM22P",NA,NA
"482","STARD6",NA,NA
"483","C12orf71",NA,NA
"484","KCNF1",NA,NA
"485","UPK2",NA,NA
"486","DNM1P35",NA,NA
"487","F13B",NA,NA
"488","ADIPOQ",NA,NA
"489","KCNK16",NA,NA
"490","IGFL3",NA,NA
"491","GPRC6A",NA,NA
"492","BPESC1",NA,NA
"493","DDX21",NA,NA
"494","OR1A1",NA,NA
"495","PCDH11X",NA,NA
"496","LMNTD1",NA,NA
"497","KCNH6",NA,NA
"498","NBPF22P",NA,NA
"499","THRSP",NA,NA
"500","OR51M1",NA,NA
"501","PCDHA12",NA,NA
"502","MDGA1",NA,NA
"503","HSPB7",NA,NA
"504","PPP1R1A",NA,NA
"505","ANKRD55",NA,NA
"506","NDUFB3",NA,NA
"507","FAT3",NA,NA
"508","SGCZ",NA,NA
"509","LINC02914",NA,NA
"510","NYAP1",NA,NA
"511","RAB39B",NA,NA
"512","MYH15",NA,NA
"513","CALN1",NA,NA
"514","HOXB1",NA,NA
"515","LINC00856",NA,NA
"516","FEZF2",NA,NA
"517","DMBX1",NA,NA
"518","GARIN5B",NA,NA
"519","TMEM9B",NA,NA
"520","SCN5A",NA,NA
"521","FGF9",NA,NA
"522","CLRN1",NA,NA
"523","PYGM",NA,NA
"524","OR4C11",NA,NA
"525","RGS8",NA,NA
"526","ERC2",NA,NA
"527","OVOL2",NA,NA
"528","CCBE1",NA,NA
"529","GLYATL3",NA,NA
"530","LINC02487",NA,NA
"531","UNC79",NA,NA
"532","APOA5",NA,NA
"533","KLHL4",NA,NA
"534","CAPN14",NA,NA
"535","LOC403312",NA,NA
"536","OR52A5",NA,NA
"537","SH3TC2",NA,NA
"538","CCDC190",NA,NA
"539","ASIC5",NA,NA
"540","PADI6",NA,NA
"541","LCN6",NA,NA
"542","WIPF3",NA,NA
"543","PCDHA6",NA,NA
"544","SMCO2",NA,NA
"545","MAP1LC3C",NA,NA
"546","OOEP",NA,NA
"547","HEPHL1",NA,NA
"548","DEFB113",NA,NA
"549","MMP16",NA,NA
"550","KY",NA,NA
"551","OPCML",NA,NA
"552","ISL1",NA,NA
"553","C1orf94",NA,NA
"554","BSND",NA,NA
"555","OR7A5",NA,NA
"556","ALDOAP2",NA,NA
"557","TMEM132A",NA,NA
"558","OR10H5",NA,NA
"559","CYP2F1",NA,NA
"560","OR10AG1",NA,NA
"561","SRGAP3",NA,NA
"562","ETFA",NA,NA
"563","PAX4",NA,NA
"564","OR1I1",NA,NA
"565","OR51S1",NA,NA
"566","NKD1",NA,NA
"567","LGI4",NA,NA
"568","RPS5",NA,NA
"569","GCM2",NA,NA
"570","KCNK4",NA,NA
"571","DEFB118",NA,NA
"572","ZDHHC19",NA,NA
"573","SEZ6",NA,NA
"574","ART4",NA,NA
"575","OR2W5P",NA,NA
"576","INSC",NA,NA
"577","C8B",NA,NA
"578","ADD2",NA,NA
"579","NAALADL1",NA,NA
"580","PCSK2",NA,NA
"581","EVC",NA,NA
"582","SLITRK3",NA,NA
"583","CYP2C19",NA,NA
"584","CLNK",NA,NA
"585","PAPPA2",NA,NA
"586","LRRC3B",NA,NA
"587","DDX4",NA,NA
"588","OR2T6",NA,NA
"589","ATP1A2",NA,NA
"590","ASGR1",NA,NA
"591","KIRREL3",NA,NA
"592","SPANXN5",NA,NA
"593","NANOS3",NA,NA
"594","RD3",NA,NA
"595","OR9Q1",NA,NA
"596","SLC8A2",NA,NA
"597","UNC80",NA,NA
"598","KRT222",NA,NA
"599","PANK1",NA,NA
"600","DGKI",NA,NA
"601","LUZP4",NA,NA
"602","URAD",NA,NA
"603","RPS24",NA,NA
"604","FAM24A",NA,NA
"605","ASB15",NA,NA
"606","CREB3L3",NA,NA
"607","VWA5B2",NA,NA
"608","CSMD3",NA,NA
"609","CKMT1A",NA,NA
"610","PTPRT",NA,NA
"611","SLC22A16",NA,NA
"612","HPD",NA,NA
"613","ACADL",NA,NA
"614","LRRC10B",NA,NA
"615","OR13C8",NA,NA
"616","PPBPP2",NA,NA
"617","PKD1L2",NA,NA
"618","EFHC2",NA,NA
"619","BMP10",NA,NA
"620","CPNE5",NA,NA
"621","AACSP1",NA,NA
"622","TBX6",NA,NA
"623","CSN2",NA,NA
"624","UCP1",NA,NA
"625","APOBEC3H",NA,NA
"626","ACMSD",NA,NA
"627","LECT2",NA,NA
"628","EYA2",NA,NA
"629","POM121L9P",NA,NA
"630","EGR4",NA,NA
"631","BGN",NA,NA
"632","CHRNA4",NA,NA
"633","GDF3",NA,NA
"634","ANO5",NA,NA
"635","OR5D16",NA,NA
"636","SLC22A12",NA,NA
"637","TNN",NA,NA
"638","ACOXL",NA,NA
"639","TAFA3",NA,NA
"640","ASTN1",NA,NA
"641","PNCK",NA,NA
"642","APOF",NA,NA
"643","SLC1A6",NA,NA
"644","GATA1",NA,NA
"645","TTTY12",NA,NA
"646","MTUS2",NA,NA
"647","TRPV3",NA,NA
"648","GPC6",NA,NA
"649","CRB2",NA,NA
"650","RAB37",NA,NA
"651","GPRIN1",NA,NA
"652","HABP2",NA,NA
"653","ADHFE1",NA,NA
"654","SAMD14",NA,NA
"655","PRSS54",NA,NA
"656","WSCD2",NA,NA
"657","SHBG",NA,NA
"658","OTOP2",NA,NA
"659","SGSM1",NA,NA
"660","FBXW10B",NA,NA
"661","AMELY",NA,NA
"662","KIRREL1",NA,NA
"663","C6",NA,NA
"664","DMRTA1",NA,NA
"665","SPIC",NA,NA
"666","CLEC4F",NA,NA
"667","OR52E4",NA,NA
"668","SPACDR",NA,NA
"669","DNAI1",NA,NA
"670","OR8S1",NA,NA
"671","HRH3",NA,NA
"672","SH2D4B",NA,NA
"673","FCRL5",NA,NA
"674","SPMIP7",NA,NA
"675","TMC3",NA,NA
"676","KRIT1",NA,NA
"677","KCNS1",NA,NA
"678","NGFR",NA,NA
"679","OR51I1",NA,NA
"680","SEC14L4",NA,NA
"681","LCE4A",NA,NA
"682","OR10S1",NA,NA
"683","HECW1",NA,NA
"684","FBN3",NA,NA
"685","UTS2B",NA,NA
"686","TAFA1",NA,NA
"687","SIGLEC8",NA,NA
"688","TSPEAR",NA,NA
"689","CMKLR2",NA,NA
"690","HOXC8",NA,NA
"691","TRAM1L1",NA,NA
"692","IRX4",NA,NA
"693","GRIN2A",NA,NA
"694","RNASE12",NA,NA
"695","COX5A",NA,NA
"696","TDRG1",NA,NA
"697","PTCRA",NA,NA
"698","CHRNA9",NA,NA
"699","HCG9",NA,NA
"700","MC2R",NA,NA
"701","EVX1",NA,NA
"702","MEPE",NA,NA
"703","DNAH12",NA,NA
"704","HAND1",NA,NA
"705","GPR17",NA,NA
"706","CHRNB2",NA,NA
"707","C10orf62",NA,NA
"708","TLX1",NA,NA
"709","PCNX2",NA,NA
"710","CYSRT1",NA,NA
"711","CFAP74",NA,NA
"712","MYT1",NA,NA
"713","TTC16",NA,NA
"714","AP1S1",NA,NA
"715","ATP13A4",NA,NA
"716","DUSP21",NA,NA
"717","SIX2",NA,NA
"718","LELP1",NA,NA
"719","TEKT5",NA,NA
"720","LRIT2",NA,NA
"721","PLAC1",NA,NA
"722","P2RX6",NA,NA
"723","ERBB4",NA,NA
"724","RAMP2",NA,NA
"725","KCNG2",NA,NA
"726","OR2K2",NA,NA
"727","PHEX",NA,NA
"728","SNORA77",NA,NA
"729","C15orf32",NA,NA
"730","AWAT2",NA,NA
"731","C10orf53",NA,NA
"732","CD1E",NA,NA
"733","BAIAP3",NA,NA
"734","OR8I2",NA,NA
"735","SYT12",NA,NA
"736","CCDC65",NA,NA
"737","ALK",NA,NA
"738","COLGALT2",NA,NA
"739","FAM53A",NA,NA
"740","CHRDL2",NA,NA
"741","SYNDIG1",NA,NA
"742","SLC25A18",NA,NA
"743","CYP11B1",NA,NA
"744","FETUB",NA,NA
"745","OR4C45",NA,NA
"746","NPTX1",NA,NA
"747","SPATA31D3",NA,NA
"748","KNDC1",NA,NA
"749","OR2A14",NA,NA
"750","OR52M1",NA,NA
"751","LYG2",NA,NA
"752","C20orf173",NA,NA
"753","ANO4",NA,NA
"754","GFRA1",NA,NA
"755","FBXL9P",NA,NA
"756","FPR2",NA,NA
"757","RPL36AP33",NA,NA
"758","MC4R",NA,NA
"759","NMNAT2",NA,NA
"760","AMER2",NA,NA
"761","PROX2",NA,NA
"762","UST",NA,NA
"763","MAPT",NA,NA
"764","SFTPB",NA,NA
"765","FOXR2",NA,NA
"766","SERPINB10",NA,NA
"767","SPRN",NA,NA
"768","F7",NA,NA
"769","ABCC6P1",NA,NA
"770","OR5W2",NA,NA
"771","CAMK1G",NA,NA
"772","LCE5A",NA,NA
"773","RCVRN",NA,NA
"774","IL13",NA,NA
"775","CSF3R",NA,NA
"776","EPHA8",NA,NA
"777","ABHD17C",NA,NA
"778","KCNIP1",NA,NA
"779","ZNF541",NA,NA
"780","CASQ2",NA,NA
"781","CSF3",NA,NA
"782","DHRS7C",NA,NA
"783","OR51I2",NA,NA
"784","OR5P2",NA,NA
"785","BCAS4",NA,NA
"786","SERPINE3",NA,NA
"787","MYL3",NA,NA
"788","KCNJ16",NA,NA
"789","PRRX2",NA,NA
"790","ZNF256",NA,NA
"791","OR9G4",NA,NA
"792","TRPM1",NA,NA
"793","ABCC8",NA,NA
"794","SP6",NA,NA
"795","PATE4",NA,NA
"796","IL36RN",NA,NA
"797","C5orf64",NA,NA
"798","LCE1E",NA,NA
"799","KRT84",NA,NA
"800","DYDC2",NA,NA
"801","OR10K2",NA,NA
"802","PDIA2",NA,NA
"803","DOK6",NA,NA
"804","PRSS42P",NA,NA
"805","KIR3DX1",NA,NA
"806","RGMA",NA,NA
"807","PIRT",NA,NA
"808","FANCD2OS",NA,NA
"809","VSX2",NA,NA
"810","NLRP6",NA,NA
"811","NXPH2",NA,NA
"812","BPIFA4P",NA,NA
"813","ANKRD13B",NA,NA
"814","CNTN2",NA,NA
"815","LIPN",NA,NA
"816","EVC2",NA,NA
"817","KCNN1",NA,NA
"818","DNAH6",NA,NA
"819","TSHZ2",NA,NA
"820","HOXD4",NA,NA
"821","HSD3B1",NA,NA
"822","FAIM2",NA,NA
"823","GARIN3",NA,NA
"824","KCNS2",NA,NA
"825","RRN3P2",NA,NA
"826","MIR3667HG",NA,NA
"827","DACH2",NA,NA
"828","HTR3C",NA,NA
"829","CES3",NA,NA
"830","FGF16",NA,NA
"831","ROS1",NA,NA
"832","IFT56",NA,NA
"833","ETNK2",NA,NA
"834","HBD",NA,NA
"835","ZCCHC18",NA,NA
"836","RNASE13",NA,NA
"837","XKR4",NA,NA
"838","CFAP144",NA,NA
"839","FAM230I",NA,NA
"840","COL2A1",NA,NA
"841","TBX10",NA,NA
"842","KNCN",NA,NA
"843","ZCCHC13",NA,NA
"844","PROZ",NA,NA
"845","LIMS2",NA,NA
"846","GREB1",NA,NA
"847","CXorf66",NA,NA
"848","FAM120A2P",NA,NA
"849","CNTN1",NA,NA
"850","IL2",NA,NA
"851","SLC4A3",NA,NA
"852","SPATA3",NA,NA
"853","PRDM9",NA,NA
"854","CSNK1G1",NA,NA
"855","SUCLA2",NA,NA
"856","SCNN1A",NA,NA
"857","TSGA10IP",NA,NA
"858","ELL3",NA,NA
"859","CYP4B1",NA,NA
"860","GREM1",NA,NA
"861","ALPI",NA,NA
"862","IL2RG",NA,NA
"863","GTSF1L",NA,NA
"864","ATP4A",NA,NA
"865","C16orf89",NA,NA
"866","TBX15",NA,NA
"867","DLX5",NA,NA
"868","OR8H3",NA,NA
"869","ACAP1",NA,NA
"870","FIGLA",NA,NA
"871","PLA2R1",NA,NA
"872","SLC30A2",NA,NA
"873","CLDN17",NA,NA
"874","CLSTN2",NA,NA
"875","OR4P4",NA,NA
"876","CDH16",NA,NA
"877","IGF2",NA,NA
"878","SLC15A2",NA,NA
"879","CD5L",NA,NA
"880","TP53AIP1",NA,NA
"881","TSGA13",NA,NA
"882","RNF39",NA,NA
"883","MESTIT1",NA,NA
"884","SNORD9",NA,NA
"885","MORN5",NA,NA
"886","SULT1C3",NA,NA
"887","C1orf105",NA,NA
"888","SPMIP10",NA,NA
"889","DCST1",NA,NA
"890","TC2N",NA,NA
"891","DRD2",NA,NA
"892","TMEM253",NA,NA
"893","TNS4",NA,NA
"894","CELA3B",NA,NA
"895","IGSF10",NA,NA
"896","APOC3",NA,NA
"897","CARD14",NA,NA
"898","TMEM59",NA,NA
"899","JAKMIP3",NA,NA
"900","SLCO5A1",NA,NA
"901","PTGES",NA,NA
"902","MTNR1A",NA,NA
"903","BRINP1",NA,NA
"904","ANO7",NA,NA
"905","CHIT1",NA,NA
"906","OR1C1",NA,NA
"907","RGS7BP",NA,NA
"908","ANKRD34A",NA,NA
"909","PRM3",NA,NA
"910","RSPO4",NA,NA
"911","PGLYRP4",NA,NA
"912","SCNN1G",NA,NA
"913","SLC47A2",NA,NA
"914","CD22",NA,NA
"915","IZUMO1",NA,NA
"916","FCRL3",NA,NA
"917","TLX3",NA,NA
"918","LINC00272",NA,NA
"919","STEAP1",NA,NA
"920","ADGRG2",NA,NA
"921","SAMD7",NA,NA
"922","KLRK1",NA,NA
"923","IQCF5",NA,NA
"924","MSMO1",NA,NA
"925","CHEK1",NA,NA
"926","C2orf78",NA,NA
"927","SPTBN4",NA,NA
"928","NHS",NA,NA
"929","GSX2",NA,NA
"930","CLVS1",NA,NA
"931","MAD2L1",NA,NA
"932","MBD3L1",NA,NA
"933","TTLL10",NA,NA
"934","APCDD1L",NA,NA
"935","OR52E2",NA,NA
"936","SLC9A3",NA,NA
"937","SHANK3",NA,NA
"938","VGLL1",NA,NA
"939","KCNH5",NA,NA
"940","NPM3",NA,NA
"941","IGSF11",NA,NA
"942","PGM1",NA,NA
"943","RPL32",NA,NA
"944","CNDP1",NA,NA
"945","PDZK1",NA,NA
"946","CELSR3",NA,NA
"947","HS3ST5",NA,NA
"948","NLGN1",NA,NA
"949","B3GALT5",NA,NA
"950","MTUS1",NA,NA
"951","HSD52",NA,NA
"952","PHF24",NA,NA
"953","PCDHA3",NA,NA
"954","TMPRSS5",NA,NA
"955","OIT3",NA,NA
"956","LMTK3",NA,NA
"957","POLR1D",NA,NA
"958","GRIN2D",NA,NA
"959","CA7",NA,NA
"960","ZNF853",NA,NA
"961","APOD",NA,NA
"962","TSPAN16",NA,NA
"963","GARIN6",NA,NA
"964","PLP1",NA,NA
"965","NAT8",NA,NA
"966","CALB2",NA,NA
"967","ANXA13",NA,NA
"968","KRT75",NA,NA
"969","RHPN1",NA,NA
"970","KPRP",NA,NA
"971","ITPRID1",NA,NA
"972","OR1J2",NA,NA
"973","RAB6B",NA,NA
"974","NOSTRIN",NA,NA
"975","SRRM4",NA,NA
"976","HOXD10",NA,NA
"977","SFRP4",NA,NA
"978","ESCO2",NA,NA
"979","GUCA1B",NA,NA
"980","CNTFR",NA,NA
"981","RSPO1",NA,NA
"982","CHRM1",NA,NA
"983","VSTM2L",NA,NA
"984","NMB",NA,NA
"985","OR52N1",NA,NA
"986","MLXIPL",NA,NA
"987","WFDC12",NA,NA
"988","HOXB3",NA,NA
"989","HOXC10",NA,NA
"990","MAB21L4",NA,NA
"991","OR4D1",NA,NA
"992","GLDN",NA,NA
"993","LINC03042",NA,NA
"994","LINC02893",NA,NA
"995","OR12D2",NA,NA
"996","DUSP5",NA,NA
"997","SLC25A48",NA,NA
"998","STK33",NA,NA
"999","PODNL1",NA,NA
"1000","RGN",NA,NA
"1001","SERPINA4",NA,NA
"1002","ATP8B1",NA,NA
"1003","PHF21B",NA,NA
"1004","EPHB1",NA,NA
"1005","SERPINA7",NA,NA
"1006","CENPA",NA,NA
"1007","FCRL1",NA,NA
"1008","FABP7",NA,NA
"1009","SDK1",NA,NA
"1010","SLC18A1",NA,NA
"1011","VSTM2B",NA,NA
"1012","ERLIN2",NA,NA
"1013","PADI2",NA,NA
"1014","PDE3A",NA,NA
"1015","H2BC21",NA,NA
"1016","SBK1",NA,NA
"1017","NELL2",NA,NA
"1018","CYP4F3",NA,NA
"1019","SIX3",NA,NA
"1020","NEU4",NA,NA
"1021","KIF1A",NA,NA
"1022","ALX1",NA,NA
"1023","NEUROD1",NA,NA
"1024","SLC51A",NA,NA
"1025","SMTNL2",NA,NA
"1026","KCNT1",NA,NA
"1027","LDHB",NA,NA
"1028","TIMP1",NA,NA
"1029","L1TD1",NA,NA
"1030","ZFAS1",NA,NA
"1031","MMP7",NA,NA
"1032","SLC5A9",NA,NA
"1033","CD19",NA,NA
"1034","QPCT",NA,NA
"1035","PADI1",NA,NA
"1036","ANLN",NA,NA
"1037","TRAPPC6B",NA,NA
"1038","MYADML2",NA,NA
"1039","POSTN",NA,NA
"1040","RNASE4",NA,NA
"1041","LHFPL7",NA,NA
"1042","CYP4F11",NA,NA
"1043","FCRLA",NA,NA
"1044","FGF19",NA,NA
"1045","SLC6A19",NA,NA
"1046","TMEM132C",NA,NA
"1047","TNFRSF11B",NA,NA
"1048","CXCL3",NA,NA
"1049","SLC2A13",NA,NA
"1050","SALL4",NA,NA
"1051","CCL25",NA,NA
"1052","EPYC",NA,NA
"1053","RPA4",NA,NA
"1054","ABTB3",NA,NA
"1055","NOTUM",NA,NA
"1056","CGREF1",NA,NA
"1057","PTP4A3",NA,NA
"1058","SLN",NA,NA
"1059","DNAJC12",NA,NA
"1060","SERPIND1",NA,NA
"1061","ADAMTS6",NA,NA
"1062","PRAC1",NA,NA
